Comment,Designator,Footprint,JLCPCB Part #（optional）
Conn_01x02_Socket,"J5,J2,J6,J4,J3,J1",JST_PH_S2B-PH-K_1x02_P2.00mm_Horizontal,C5175239
1uF,"C21,C2,C27,C24,C23,C18,C19,C20,C25,C26,C22",C_0402_1005Metric,C52923
DRV2605LDGS,"U8,U13,U14,U12,U11",VSSOP-10_3x3mm_P0.5mm,C527464
100nF,"C28,C32,C31,C1,C29,C30",C_0402_1005Metric,C1525
PESD5V0L1UL,D2,D_SOD-882,C3001948
4.7k,"R4,R19,R34,R23,R43,R41,R35,R3,R29,R28,R42,R27,R32,R5,R31,R45,R1,R30,R2,R25,R55,R44,R26",R_0402_1005Metric,C25900
TCA9548APWR,U7,TSSOP-24_4.4x7.8mm_P0.65mm,C130026
XIAO-ESP32-S3-SMD,U2,XIAO-ESP32S3-SMD,C20467913
LSM6DS3,U1,LGA-14_3x2.5mm_P0.5mm_LayoutBorder3x4y,C967633
WS2812B RGB LED,D1,LED_WS2812B_PLCC4_5.0x5.0mm_P3.2mm,C2761795
SW_SPDT,SW1,SW_K3_1260D_L1_SPDT_Angled,C92657
22uF,C17,C_1206_3216Metric,C12891
