Designator,Mid X,Mid Y,Rotation,Layer
C1,150.73,-62.4,90,top
C2,153.5,-76.8,0,top
C17,154.75,-74.85,180,top
C18,162.9,-47.6,0,top
C19,154.7,-47.5,0,top
C20,146.1,-47.6,0,top
C21,137.7,-47.6,180,top
C22,129.4,-53.6,180,top
C23,134.87,-59.21,0,top
C24,151.47,-53.100999,0,top
C25,143.17,-53.100999,0,top
C26,168.04,-53.100999,0,top
C27,159.8,-53.100999,0,top
C28,134.87,-58.21,0,top
C29,151.47,-52.100999,0,top
C30,143.17,-52.100999,0,top
C31,168.04,-52.100999,0,top
C32,159.8,-52.100999,0,top
D1,151.1,-70.6,180,top
D2,151.45,-76.643189,0,top
J1,167.19,-80.5425,180,top
J2,167.25,-45.15,180,top
J3,158.5,-45.15,180,top
J4,149.7,-45.15,180,top
J5,140.9,-45.15,180,top
J6,132.1,-45.15,180,top
R1,161.9,-77.8,-90,top
R2,150.414101,-75.3,0,top
R3,148.4,-75.3,0,top
R4,150.414101,-74.277818,0,top
R5,148.4,-74.3,0,top
R19,155.6,-69.8,90,top
R23,155.6,-71.684996,-90,top
R25,164.44,-53.228821,90,top
R26,156.5,-53.2,90,top
R27,147.03,-53.160999,90,top
R28,140.7,-53.160999,90,top
R29,161.9,-79.8,-90,top
R30,163.44,-53.228821,90,top
R31,155.5,-53.2,90,top
R32,148.03,-53.160999,90,top
R34,139.73,-53.160999,90,top
R35,131.43,-59.27,90,top
R41,168.04,-54.100999,0,top
R42,159.8,-54.100999,0,top
R43,151.47,-54.100999,0,top
R44,143.17,-54.100999,0,top
R45,134.87,-60.21,0,top
R55,130.43,-59.27,90,top
SW1,150.5,-79.55,0,top
U1,148.7,-61.49,90,top
U2,137.79,-71.9475,180,top
U7,159.972496,-68.109996,180,top
U8,165.84,-49.800999,0,top
U11,157.6,-49.800999,0,top
U12,149.27,-49.800999,0,top
U13,140.97,-49.800999,0,top
U14,132.67,-55.91,0,top
