Designator,Mid X,Mid Y,Rotation,Layer
A1,140.958,-108.4085,270.0,top
C1,146.013,-88.4332,0.0,top
C10,155.969,-91.5352,270.0,top
C11,120.362,-91.5372,270.0,top
C12,163.951,-89.5612,0.0,top
C13,130.068,-90.3232,0.0,top
C14,148.275,-123.555,270.0,top
C2,164.939,-84.8622,0.0,top
C3,131.775,-83.3382,0.0,top
C4,152.452,-84.5522,270.0,top
C5,119.981,-84.5522,270.0,top
C6,162.158,-84.8862,0.0,top
C7,129.687,-83.3382,0.0,top
C8,166.039,-89.5612,0.0,top
C9,132.156,-90.3232,0.0,top
R1,149.782,-93.6402,180.0,top
R10,117.904,-93.8212,270.0,top
R11,153.509,-91.5912,270.0,top
R12,117.902,-91.5932,270.0,top
R2,136.346,-87.7075,0.0,top
R3,150.794,-91.4812,0.0,top
R4,134.713,-93.8772,90.0,top
R5,149.994,-86.8402,270.0,top
R6,117.523,-86.8402,270.0,top
R7,149.992,-84.6082,270.0,top
R8,117.521,-84.6082,270.0,top
R9,153.511,-93.8232,270.0,top
S1,130.038,-124.0295,180.0,top
SP1,118.95,-76.875,0.0,top
SP2,123.75,-78.925,0.0,top
SP3,128.575,-76.925,0.0,top
SP4,133.6,-78.2,0.0,top
SP5,147.175,-78.2,0.0,top
SP6,152.6,-76.925,0.0,top
SP7,158.025,-78.75,0.0,top
SP8,163.35,-77.075,0.0,top
SW2,143.1,-124.0,0.0,top
U1,142.663,-92.1272,0.0,top
U2,157.446,-85.3862,0.0,top
U3,124.975,-85.3862,0.0,top
U4,160.963,-92.3692,0.0,top
U5,125.356,-92.3712,0.0,top
